name,invention,url_name,patent,induction_year,birth_date,death_date
James Abercrombie,Blowout Preventer (BOP),james-abercrombie,"['1,569,247']",2022,"July 7, 1891","Jan. 7, 1975"
Edward Goodrich Acheson,Carborundum,edward-goodrich-acheson,"['492,767', '615,648']",1997,"March 9, 1856",6-Jul-1931
Stewart Adams,Ibuprofen,stewart-adams,"['3,228,831']",2022,16-Apr-2023,"Jan. 30, 2019"
Leonard Adleman,RSA Cryptography,leonard-adleman,"['4,405,829']",2018,"Dec. 31, 1945",
Robert Adler,Television Remote Control,robert-adler,"['2,817,025']",2008,"Dec. 4, 1913","Feb. 15, 2007"
Herman A. Affel,Coaxial Cable,herman-affel,"['1,835,031']",2006,"Aug. 4, 1893","Oct. 13, 1972"
Howard Aiken,Automatic Sequence Controlled Calculator (Mark I),howard-aiken,"['2,616,626']",2014,8-Mar-2000,14-Mar-1973
Jonathan D. Albert,Electronic Ink,jonathan-d-albert,"['5,961,804']",2016,18-Apr-1975,
George Edward Alcorn,X-Ray Spectrometer,george-edward-alcorn,"['4,472,728']",2015,22-Mar-1940,
Samuel Alderson,Crash Test Dummy,samuel-alderson,"['3,010,223']",2013,"Oct. 21, 1914","Feb. 11, 2005"
Ernst F. W. Alexanderson,High-Frequency Alternator,ernst-f-w-alexanderson,"['1,008,577']",1983,"Jan. 25, 1878",14-May-1975
Andrew Alford,Localizer Antenna System,andrew-alford,"['2,682,050']",1983,"Aug. 5, 1904","Jan. 25, 1992"
James Allison,Immune Checkpoint Blockade Therapy,james-allison,"['5,811,097']",2024,"Aug. 7, 1948",
Samuel Leeds Allen,Flexible Flyer Sled,samuel-leeds-allen,"['408,681']",2007,"May 5, 1841",28-Mar-2018
Luis Walter Alvarez,Radio Distance and Direction Indicator,luis-walter-alvarez,"['2,480,208']",1978,13-Jun-2011,"Sept. 1, 1988"
Iver Anderson,Lead-Free Solder,iver-anderson,"['5,527,628']",2017,"Oct. 7, 1953",
Mary Anderson,Windshield Wiper,mary-anderson,"['743,801']",2011,"Feb. 19, 1866",27-Jun-1953
R. Rox Anderson,Laser Dermatology,rox-anderson,"['5,595,568']",2022,"Oct. 30, 1950",
J. Roger P. Angel,Lightweight Mirrors for Astronomical Telescopes,j-roger-p-angel,"['4,606,960']",2016,"Feb. 7, 1941",
George Antheil,Frequency Hopping Communication System,george-antheil,"['2,292,387']",2014,8-Jul-2000,"Feb. 12, 1959"
Thomas J. Armat,Vitascope,thomas-j-armat,"['580,749']",2011,"Oct. 25, 1866","Sept. 30, 1948"
Edwin Howard Armstrong,FM Radio,edwin-howard-armstrong,"['1,342,885']",1980,"Dec. 18, 1890","Feb. 1, 1954"
Don Arney,Bambi Bucket® for Aerial Firefighting,don-arney,"['4,474,245']",2017,27-May-1947,
Frances Arnold,Directed Evolution of Enzymes,frances-arnold,"['6,153,410']",2014,25-Jul-1956,
Chieko Asakawa,Home Page Reader,chieko-asakawa,"['7,197,462']",2019,"Nov. 21, 1958",
Arthur Ashkin,Optical Trapping,arthur-ashkin,"['3,710,279', '4,893,886']",2013,"Sept. 2, 1922","Sept. 21, 2020"
Martin (John) M. Atalla,MOSFET,martin-john-m-atalla,"['3,206,670']",2009,"Aug. 4, 1924","Dec. 30, 2009"
Alpheus Babcock,Cast-Iron Piano Frame,alpheus-babcock,missing,2007,"Sept. 11, 1785","April 3, 1842"
George H. Babcock,Improvement in Steam Generators,george-h-babcock,"['65,042']",1997,"June 17, 1832","Dec. 16, 1893"
Roger Bacon,High-Performance Carbon Fibers,roger-bacon,"['2,957,756']",2016,16-Apr-2026,"Jan. 26, 2007"
Leo Hendrik Baekeland,Bakelite,leo-hendrik-baekeland,"['942,699']",1978,"Nov. 14, 1863","Feb. 23, 1944"
John Baer,Thiazide Diuretics (Chlorothiazide),john-baer,"['3,476,858']",2019,25-Apr-2017,"Aug. 17, 2003"
Ralph H. Baer,Video Games,ralph-h-baer,"['3,728,480']",2010,8-Mar-2022,"Dec. 6, 2014"
Rodney D. Bagley,Ceramic Substrate in Catalytic Converters,rodney-d-bagley,"['3,790,654']",2002,"Oct. 2, 1934",13-Apr-2023
Shankar Balasubramanian,Sequencing-by-Synthesis (SBS),shankar-balasubramanian,"['6,787,308']",2024,"Sept. 30, 1966",
Matthias Baldwin,Locomotive Engine,matthias-baldwin,missing,2005,"Dec. 10, 1795","Sept. 7, 1886"
Bantval Jayant Baliga,Insulated Gate Bipolar Transistor,bantval-jayant-baliga,"['4,969,028', '5,998,833']",2016,28-Apr-1948,
Robert Banks,High-Density Polyethylene and Polypropylene Plastics,robert-banks,"['2,825,721']",2001,"Nov. 24, 1921","Jan. 3, 1989"
Frederick Banting,"Isolated, Purified Insulin",frederick-banting,"['1,469,994']",2004,"Nov. 14, 1891","Feb. 21, 1941"
Paul Baran,Digital Packet Switching,paul-baran,"['4,438,511']",2007,29-Apr-2026,26-Mar-2011
John Bardeen,Transistor,john-bardeen,"['2,502,488', '2,524,035']",1974,23-May-2008,"Jan. 30, 1991"
Rodolphe Barrangou,CRISPR-enhanced Food Products,rodolphe-barrangou,"['9,879,269', '9,951,342']",2023,"Sept. 15, 1975",
C. Donald Bateman,Ground Proximity Warning System,c-donald-bateman,"['3,922,637']",2005,8-Mar-1932,21-May-2023
Patricia Bath,Laserphaco Cataract Surgery,patricia-bath,"['4,744,360']",2022,"Nov. 4, 1942",30-May-2019
Andrew J. Beard,Jenny Coupler for Railroad Cars,andrew-j-beard,"['594,059']",2006,"Jan. 1, 1849","Jan. 1, 1921"
Arnold O. Beckman,pH Meter,arnold-o-beckman,"['2,058,761']",1987,10-Apr-2000,18-May-2004
Semi Joseph Begun,Magnetic Recording,semi-joseph-begun,"['2,048,487', '2,048,488']",1998,"Dec. 2, 1905","Jan. 5, 1995"
Alexander Graham Bell,Improvement in Telegraphy,alexander-graham-bell,"['174,465']",1974,"March 3, 1847","Aug. 2, 1922"
Ruth Benerito,Wrinkle-Free Cotton,ruth-benerito,"['3,432,252']",2008,"Jan. 12, 1916","Oct. 5, 2013"
Willard H. Bennett,Radio Frequency Mass Spectrometer,willard-h-bennett,"['2,721,271']",1991,13-Jun-2003,"Sept. 28, 1987"
Carl Benz,Modern Automobile,carl-benz,"['385,087']",2022,"Nov. 25, 1844",4-Apr-2029
Evelyn Berezin,Computer Systems for Business Use,evelyn-berezin,"['3,253,262']",2022,12-Apr-2025,"Dec. 8, 2018"
Emile Berliner,Gramophone / Microphone,emile-berliner,"['372,786', '463,569']",1994,"May 20, 1851","Aug. 3, 1929"
Carolyn Bertozzi,Bioorthogonal Chemistry,carolyn-bertozzi,"['7,807,619']",2017,"Oct. 10, 1966",
Henry Bessemer,Bessemer Process,henry-bessemer,"['16,082']",2002,"Jan. 19, 1813","March 15, 1898"
Charles Best,"Isolated, Purified Insulin",charles-best,"['1,469,994']",2004,"Feb. 27, 1899",31-Mar-1978
Eric Betzig,Photoactivated Localization Microscopy (PALM),eric-betzig,"['7,535,012']",2024,"Jan. 13, 1960",
Karl H. Beyer Jr.,Thiazide Diuretics (Chlorothiazide),karl-beyer-jr,"['2,789,938']",2019,19-Jun-2014,"Dec. 2, 1996"
Erastus B. Bigelow,Power Loom,erastus-b-bigelow,['169'],2006,"April 2, 1814","Dec. 6, 1879"
Edwin Binney,Manufacturing Lamp Black,edwin-binney,"['453,140']",2011,"Nov. 24, 1866","Dec. 17, 1934"
Gerd Karl Binnig,Scanning Tunneling Microscope,gerd-karl-binnig,"['4,343,993']",1994,20-Jul-1947,
Forrest M. Bird,Medical Respirator,forrest-m-bird,"['3,068,856', '3,191,596', '3,842,828']",1995,9-Jun-2021,"Aug. 2, 2015"
John Birden,Radioisotope Thermoelectric Generator (RTG),john-birden,"['2,913,510']",2013,"Nov. 23, 1918","Nov. 3, 2011"
Clarence Birdseye,Frozen Foods,clarence-birdseye,"['1,773,079']",2005,"Dec. 9, 1886","Oct. 7, 1956"
Laszlo Josef Biro,Ballpoint Pen,laszlo-josef-biro,"['2,390,636']",2007,"Sept. 29, 1899","Oct. 24, 1985"
Donald L. Bitzer,Plasma Display,donald-l-bitzer,"['3,559,190']",2013,"Jan. 1, 1934",
Harold Stephen Black,Negative Feedback Amplifier,harold-stephen-black,"['2,102,671']",1981,"April 14, 1898","Dec. 11, 1983"
S. Duncan Black,Portable Hand-Held Electric Drill,s-duncan-black,"['1,245,860']",2019,"Aug. 2, 1883",15-Apr-1951
Eli Whitney Blake,Machine for Crushing Stone,eli-whitney-blake,"['20,542']",2007,"Jan. 26, 1795","Aug. 18, 1886"
Helen Blanchard,Zig-Zag Sewing Machine,helen-blanchard,"['141,987']",2006,"Aug. 25, 1840","Jan. 12, 1922"
Thomas Blanchard,Pattern Lathe,thomas-blanchard,missing,2006,"June 24, 1788","April 16, 1864"
Sylvia Blankenship,"1-MCP for Fruit, Vegetable and Flower Freshness",sylvia-blankenship,"['5,518,988']",2022,"Sept. 10, 1954",
Katharine Burr Blodgett,Langmuir-Blodgett Films,katharine-burr-blodgett,"['2,220,860']",2007,"Jan. 10, 1898","Oct. 12, 1979"
Samuel E. Blum,Excimer Laser Surgery,samuel-e-blum,"['4,784,135']",2002,"Aug. 28, 1920","Jan. 9, 2013"
Baruch S. Blumberg,Vaccine for Hepatitis B,baruch-s-blumberg,"['3,636,191', '3,872,225']",1993,28-Jul-2025,5-Apr-2011
James Bogardus,Iron Buildings,james-bogardus,"['7,337']",2007,"March 14, 1800","April 13, 1874"
Nils I. Bohlin,Safety Belt,nils-i-bohlin,"['3,043,625']",2002,17-Jul-2020,"Sept. 21, 2002"
Joseph-Armand Bombardier,Snowmobile,joseph-armand-bombardier,"['3,023,824']",2024,16-Apr-2007,"Feb. 18, 1964"
Dana Bookbinder,Bend-Insensitive Optical Fiber,dana-bookbinder,"['7,450,806', '7,903,917', '8,385,701']",2022,"Nov. 30, 1956",
"Gail Borden, Jr.",Process for Condensing Milk,gail-borden,"['15,553']",2006,"Nov. 9, 1801","Jan. 11, 1874"
Carl Bosch,Process of Producing Ammonia,carl-bosch,"['990,191']",2006,"Aug. 27, 1874",26-Apr-1940
Amar Bose,Feedback Control,amar-bose,"['4,494,074']",2008,"Nov. 2, 1929",12-Jul-2013
Robert W. Bower,Self-Aligned Gate MOSFET,robert-w-bower,"['3,472,712']",1997,12-Jun-1936,
William Bowerman,Modern Athletic Shoe,william-bowerman,"['3,793,750']",2014,"Feb. 19, 1911","Dec. 24, 1999"
Seth Boyden,Process for Making Malleable Iron,seth-boyden,missing,2006,"Nov. 17, 1788","March 31, 1870"
Herbert W. Boyer,Genetic Engineering,herbert-w-boyer,"['4,237,224']",2001,10-Jul-1936,
Otis Boykin,Electronic Resistors,otis-boykin,"['2,891,227']",2014,"Aug. 29, 1920",1-Mar-1982
Willard S. Boyle,Charge-Coupled Device,willard-s-boyle,"['3,858,232']",2006,"Aug. 19, 1924",7-May-2011
Milton Bradley,Game Board,milton-bradley,"['53,561']",2006,"Nov. 8, 1836",30-May-2011
Jacques E. Brandenberger,Cellophane,jacques-e-brandenberger,"['1,266,766']",2006,"Oct. 19, 1872",13-Jul-1954
Per-Ingvar Brånemark,Modern Dental Implant,ingvar-branemark,"['4,988,299']",2016,3-May-2029,"Dec. 20, 2014"
Charles F. Brannock,Foot-Measuring Device,charles-f-brannock,"['1,682,366']",1992,16-May-2003,"Nov. 22, 1992"
Walter H. Brattain,Transistor,walter-h-brattain,"['2,502,488', '2,524,035']",1974,"Feb. 10, 1902","Oct. 13, 1987"
Yvonne Brill,Electrothermal Hydrazine Resistojet,yvonne-brill,"['3,807,657']",2010,"Dec. 30, 1924",27-Mar-2013
Angela Hartley Brodie,Aromatase Inhibitors,angela-hartley-brodie,"['4,235,893']",2023,"Sept. 28, 1934",7-Jun-2017
Garrett W. Brown,Steadicam® Camera Stabilizer,garrett-w-brown,"['4,017,168']",2013,6-Apr-1942,
Rachel Fuller Brown,Nystatin (Antifungal / Antibiotic),rachel-fuller-brown,"['2,797,183']",1994,"Nov. 23, 1898","Jan. 14, 1980"
John Moses Browning,Breech-Loading Firearm,john-moses-browning,"['220,271']",2007,"Jan. 23, 1855","Nov. 26, 1926"
Charles F. Brush,Arc Lamp for Street Lighting,charles-f-brush,"['203,411']",2006,"March 17, 1849",15-Jun-2029
Robert Bryant,LaRC-SI (Langley Research Center-Soluble Imide),robert-bryant,"['5,639,850', '5,741,883', '6,048,959']",2023,30-Apr-1962,
Edward W. Bullard,Hard Hat,edward-bullard,"['1,699,133']",2022,"Dec. 1, 1893",18-Apr-1963
Francis P. Bundy,Diamond Synthesis,francis-p-bundy,"['2,947,611']",2010,"Sept. 1, 1910","Feb. 23, 2008"
Luther Burbank,Peach and Other Fruit,luther-burbank,[],1986,"March 7, 1849",11-Apr-2026
Joseph H. Burckhalter,Isothiocyanate Compounds for Antigen Identification,joseph-h-burckhalter,"['2,937,186']",1995,"Oct. 9, 1912",9-May-2004
John Francis Burke,Regenerated Skin,john-francis-burke,"['4,418,691']",2015,22-Jul-2022,"Nov. 2, 2011"
William Seward Burroughs,Calculator,william-seward-burroughs,"['388,116']",1987,"Jan. 28, 1857","Sept. 14, 1898"
William Meriam Burton,Catalytic Cracking,william-meriam-burton,"['1,049,667']",1984,"Nov. 17, 1865","Dec. 29, 1954"
Vannevar Bush,Differential Analyzer,vannevar-bush,"['2,032,253']",2004,"March 11, 1890",28-Jun-1974
Edward A. Calahan,Stock Ticker,edward-calahan,"['76,157']",2006,"Jan. 1, 1838","Jan. 1, 1912"
Harry Cameron,Blowout Preventer (BOP),harry-cameron,"['1,569,247']",2022,"July 9, 1872",31-May-2028
Donald L. Campbell,Fluid Catalytic Cracking,donald-l-campbell,"['2,451,804']",1999,"Aug. 5, 1904","Sept. 14, 2002"
George Ashley Campbell,Electric Wave Filter,george-ashley-campbell,"['1,227,113']",2011,"Nov. 27, 1870","Nov. 10, 1954"
Marvin Camras,Magnetic Recording,marvin-camras,"['2,351,004']",1985,"Jan. 1, 1916",23-Jun-1995
Chester F. Carlson,Xerographic Printing,chester-f-carlson,"['2,297,691']",1981,"Feb. 8, 1906","Sept. 19, 1968"
Wallace Hume Carothers,Synthetic Rubber,wallace-hume-carothers,"['2,130,947', '2,130,948']",1984,"April 27, 1896",29-Apr-1937
Willis Haviland Carrier,Air Conditioner,willis-haviland-carrier,"['808,897']",1985,"Nov. 26, 1876","Oct. 7, 1950"
George R. Carruthers,Far Ultraviolet Electrographic Camera,george-r-carruthers,"['3,478,216']",2003,"Oct. 1, 1939","Dec. 26, 2020"
Marvin Caruthers,Chemical Synthesis of DNA,marvin-caruthers,"['4,415,732', '4,458,066']",2018,"Feb. 11, 1940",
George Washington Carver,Peanut Products,george-washington-carver,"['1,522,176', '1,541,478']",1990,"Jan. 1, 1864","Jan. 5, 1943"
Frank J. Cepollina,Satellite Servicing Techniques,frank-j-cepollina,"['3,460,378']",2003,"Dec. 6, 1936",
Vinton G. Cerf,Transmission Control Protocol / Internet Protocol,vinton-g-cerf,"['6,574,628']",2006,23-Jun-1943,
Daryl Chapin,Silicon Solar Cell,daryl-chapin,"['2,780,765']",2008,21-Jul-2006,"Jan. 19, 1995"
Emmett W. Chappelle,Bioluminescence Techniques,emmett-w-chappelle,"['3,423,290']",2007,"Oct. 24, 1925","Oct. 14, 2019"
John Charnley,Acetabular Sockets,john-charnley,"['3,722,002']",2008,"Aug. 29, 1911","Aug. 12, 1982"
Emmanuelle Charpentier,CRISPR-Cas9 Gene Editing,emmanuelle-charpentier,"['10,266,850']",2023,"Dec. 11, 1968",
Mary-Dell Chilton,Transgenic Plant,mary-dell-chilton,"['6,051,757']",2015,"Feb. 2, 1939",
Alfred Y. Cho,Molecular Beam Epitaxy (MBE),alfred-y-cho,"['3,830,654']",2009,10-Jul-1937,
Edith Clarke,Graphical Calculator,edith-clarke,"['1,552,113']",2015,"Feb. 10, 1883","Oct. 29, 1959"
Georges Claude,Neon Tubing,georges-claude,"['1,189,664']",2007,"Sept. 24, 1870",23-May-1960
Josephine Garis Cochran,Dishwasher,josephine-garis-cochran,"['355,139']",2006,"March 8, 1839","Aug. 3, 1913"
Stanley N. Cohen,Genetic Engineering,stanley-n-cohen,"['4,237,224']",2001,"Feb. 17, 1935",
James Collip,"Isolated, Purified Insulin",james-collip,"['1,469,994']",2004,"Nov. 20, 1892",19-Jun-1965
Samuel Colt,Revolver with Interchangeable Parts,samuel-colt,missing,2006,"July 19, 1814","Jan. 10, 1862"
Frank B. Colton,Oral Contraceptives,frank-b-colton,"['2,691,028', '2,725,389']",1988,3-Mar-2023,"Nov. 25, 2003"
Barrett O. Comiskey,Electronic Ink,barrett-o-comiskey,"['5,961,804']",2016,"Sept. 18, 1975",
Lloyd H. Conover,Tetracycline,lloyd-h-conover,"['2,699,054']",1992,13-Jun-2023,11-Mar-2017
Lynn Conway,Very Large-Scale Integration (VLSI),lynn-conway,"['5,046,022']",2023,"Jan. 2, 1938",
William D. Coolidge,X-Ray,william-d-coolidge,"['1,203,495']",1975,"Oct. 23, 1873","Feb. 4, 1975"
Peter Cooper,Steam Boiler Fire-Box,peter-cooper,missing,2006,"Feb. 12, 1791","April 4, 1883"
Rory Cooper,Wheelchair Technology,rory-cooper,"['6,276,705', '8,264,458']",2023,"Nov. 9, 1959",
Harry W. Coover,Superglue,harry-w-coover,"['2,768,109']",2004,6-Mar-2017,26-Mar-2011
George Henry Corliss,Improvements in the Steam Engine,george-henry-corliss,"['177,377', '177,059']",2006,"June 2, 1817","Feb. 21, 1888"
Martha Coston,Signal Flares used by Ships,martha-coston,"['115,935']",2006,"Dec. 12, 1826",9-Jul-2004
Frederick G. Cottrell,Electrostatic Precipitator,frederick-g-cottrell,"['895,729']",1992,"Jan. 10, 1877","Nov. 16, 1948"
Wallace Coulter,Coulter Principle,wallace-coulter,"['2,656,508']",2004,"Feb. 17, 1913","Aug. 7, 1998"
Jacques-Yves Cousteau,Diving Equipment,jacques-yves-cousteau,"['2,485,039']",2010,11-Jun-2010,25-Jun-1997
Joshua Lionel Cowen,Toy Train,joshua-lionel-cowen,"['1,113,312']",2007,"Aug. 25, 1877","Sept. 8, 1965"
Eckley B. Coxe,Traveling-Grate Furnace,eckley-b-coxe,"['510,565']",2006,"June 4, 1839","May 13, 1895"
Seymour Cray,Supercomputer,seymour-cray,"['4,128,880']",1997,"Sept. 28, 1925","Oct. 5, 1996"
Marian Croak,VoIP (Voice over Internet Protocol) Technology,marian-croak,"['7,599,359']",2022,14-May-1955,
George Crompton,Loom,george-crompton,"['11,933']",2007,"March 23, 1829","Dec. 29, 1886"
David Crosthwait,Heating and Ventilation System Design,david-crosthwait,"['1,727,965']",2014,"May 27, 1898","Feb. 25, 1976"
Glenn Hammond Curtiss,Hydroaeroplane,glenn-hammond-curtiss,"['1,170,965']",2003,"May 21, 1878",23-Jul-1930
David Wayne Cushman,Captopril,david-wayne-cushman,"['4,105,776']",2007,"Nov. 15, 1939","Aug. 14, 2000"
Gottlieb Daimler,Design of Automobile and Motorcycle Engines,gottlieb-daimler,"['153,245']",2006,"March 17, 1834",6-Mar-2000
Raymond V. Damadian,Magnetic Resonance Imaging,raymond-v-damadian,"['3,789,832']",1989,16-Mar-1936,"Aug. 3, 2022"
Raffaello D'Andrea,Mobile Robotic Material Handling for Order Fulfillment,raffaello-dandrea,"['8,649,899']",2022,"Aug. 13, 1967",
John G. Daugman,Iris Recognition Algorithm,john-g-daugman,"['5,291,560']",2013,"Feb. 17, 1954",
Donald Watts Davies,Digital Packet Switching,donald-watts-davies,"['4,799,258']",2007,7-Jun-2024,28-May-2000
Mark Dean,Peripherals,mark-dean,"['4,528,626']",1997,2-Mar-1957,
Alonzo G. Decker,Portable Hand-Held Electric Drill,alonzo-decker,"['1,245,860']",2019,"Jan. 16, 1884",18-Mar-1956
John Deere,Improvement in Plows,john-deere,"['46,454']",1989,"Feb. 7, 1804","May 17, 1886"
Lee de Forest,Audion Amplifier,lee-de-forest,"['879,532']",1977,"Aug. 26, 1873",30-Jun-1961
George de Mestral,VELCRO® Fasteners,george-de-mestral,"['2,717,437']",1999,19-Jun-2007,"Feb. 8, 1990"
Robert H. Dennard,Dynamic Random Access Memory (DRAM),robert-h-dennard,"['3,387,286']",1997,"Sept. 5, 1932",
George Devol,Industrial Robot,george-devol,"['2,988,237']",2011,"Feb. 20, 1912","Aug. 11, 2011"
Albert B. Dick,Duplicating Machine,albert-b-dick,"['538,663']",2011,"April 16, 1856","Aug. 15, 1934"
Earle Dickson,BAND-AID® Brand Adhesive Bandages,earle-dickson,"['1,612,267']",2017,"Oct. 10, 1892","Sept. 21, 1961"
Rudolf Diesel,Internal-Combustion Engine,rudolf-diesel,"['608,845']",1976,"March 18, 1858","Sept. 29, 1913"
Whitfield Diffie,Public-Key Cryptography,whitfield-diffie,"['4,200,770']",2011,5-Jun-1944,
Richard DiMarchi,Insulin LisPro (Humalog®),richard-dimarchi,"['5,514,646']",2014,"Dec. 5, 1952",
Walt Disney,Multiplane Camera,walt-disney,"['2,201,689']",2000,"Dec. 5, 1901","Dec. 15, 1966"
Carl Djerassi,Oral Contraceptives,carl-djerassi,"['2,744,122']",1978,"Oct. 29, 1923","Jan. 30, 2015"
Ray Dolby,Dolby Noise Reduction,ray-dolby,"['3,846,719']",2004,"Jan. 18, 1933","Sept. 12, 2013"
Marion Donovan,Waterproof Diaper Cover,marion-donovan,"['2,556,800']",2015,"Oct. 15, 1917","Nov. 4, 1998"
Jennifer Doudna,CRISPR-Cas9 Gene Editing,jennifer-doudna,"['10,266,850']",2023,"Feb. 19, 1964",
Herbert Henry Dow,Bromine Extraction,herbert-henry-dow,['RE11232'],1983,"Feb. 26, 1866","Oct. 16, 1930"
Charles Stark Draper,Stabilizing Gyroscope,charles-stark-draper,"['2,752,790']",1981,"Oct. 2, 1901",25-Jul-1987
Mildred Dresselhaus,Superlattice Structures for Thermoelectric Devices,mildred-dresselhaus,"['7,465,871']",2014,"Nov. 11, 1930","Feb. 20, 2017"
Charles Richard Drew,Blood Plasma Preservation,charles-richard-drew,"['2,389,355']",2015,3-Jun-2004,1-Apr-1950
Richard Gurley Drew,Adhesive Tape,richard-gurley-drew,"['1,760,820']",2007,"June 22, 1899","Dec. 14, 1980"
Philip Drinker,Respiration Apparatus,philip-drinker,"['1,834,580']",2007,"Dec. 12, 1894","Oct. 19, 1972"
John Boyd Dunlop,Pneumatic Tire for Cycles,john-boyd-dunlop,"['435,995']",2006,"Feb. 5, 1840","Oct. 23, 1921"
Graham J. Durant,Tagamet - Cimetidine,graham-j-durant,"['3,950,333', '4,024,271']",1990,14-Mar-1934,11-Mar-2009
Benjamin Durfee,Automatic Sequence Controlled Calculator (Mark I),benjamin-durfee,"['2,616,626']",2014,"Sept. 18, 1897","Nov. 20, 1980"
James Buchanan Eads,American Infrastructure and Defense,james-buchanan-eads,"['83,942', '170,832']",2022,"May 23, 1820","March 8, 1887"
George Eastman,Dry Plate Photography System,george-eastman,"['226,503']",1977,"July 12, 1854",14-Mar-1932
Roger Easton,TIMATION Satellite Navigation System,roger-easton,"['3,789,409']",2010,30-Apr-2021,8-May-2014
J. Presper Eckert,ENIAC,j-presper-eckert,"['2,577,141']",2002,19-Apr-2019,3-Jun-1995
Harold E. Edgerton,Stroboscope,harold-e-edgerton,"['2,478,903']",1986,6-Apr-2003,"Jan. 4, 1990"
Thomas Alva Edison,Electric Lamp,thomas-alva-edison,"['223,898']",1973,"Feb. 11, 1847","Oct. 18, 1931"
Alfred Einhorn,Novocain,alfred-einhorn,"['812,554']",2007,"Feb. 27, 1856",21-Mar-2017
Willem Einthoven,Electrocardiograph,willem-einthoven,"['1,592,628']",2008,"May 21, 1860","Sept. 28, 1927"
Gertrude Belle Elion,Anti-Leukemia Drugs,gertrude-belle-elion,"['2,884,667']",1991,"Jan. 23, 1918","Feb. 21, 1999"
Carleton van Staal Ellis,Margarine,carleton-van-staal-ellis,"['1,390,689']",2011,"Sept. 20, 1876","Jan. 13, 1941"
John Colin Emmett,Tagamet - Cimetidine,john-colin-emmett,"['3,950,333', '4,024,271']",1990,27-Apr-1939,
Akira Endo,Mevastatin,akira-endo,"['3,983,140']",2012,"Nov. 14, 1933",
Douglas Engelbart,Computer Mouse,douglas-engelbart,"['3,541,541']",1998,"Jan. 30, 1925",2-Jul-2013
John Ericsson,Screw Propeller,john-ericsson,['588'],1993,"July 31, 1803","March 8, 1889"
Lloyd Espenschied,Coaxial Cable,lloyd-espenschied,"['1,835,031']",2006,"April 27, 1889",21-Jun-1986
Oliver Evans,High-Pressure Steam Engine,oliver-evans,missing,2001,"Sept. 13, 1755","April 15, 1819"
Ole Evinrude,Outboard Motor,ole-evinrude,"['1,001,260']",2007,"April 19, 1877",12-Jul-1934
Maxime Faget,Space Capsule Design,maxime-faget,"['3,702,688']",2003,"Aug. 26, 1921","Oct. 9, 2004"
Federico Faggin,Microprocessor,federico-faggin,"['3,821,715']",1996,"Dec. 1, 1941",
Moses G. Farmer,Electric Fire Alarm System,moses-g-farmer,"['8,920']",2006,"Feb. 9, 1820","May 25, 1893"
Philo Taylor Farnsworth,Television System,philo-taylor-farnsworth,"['1,773,980']",1984,"Aug. 19, 1906",11-Mar-1971
James L. Fergason,Liquid Crystal Display,james-l-fergason,"['3,731,986']",1998,"Jan. 12, 1934","Dec. 9, 2008"
Enrico Fermi,Nuclear Fission,enrico-fermi,"['2,708,656']",1976,"Sept. 29, 1901","Nov. 28, 1954"
Reginald A. Fessenden,AM Radio,reginald-fessenden,"['706,747']",2000,"Oct. 6, 1866",22-Jul-1932
Harvey Firestone,Pneumatic Rubber Tires,harvey-firestone,"['646,274']",2006,"Dec. 20, 1868","Feb. 7, 1938"
John Fitch,Propelling Boats with Steam,john-fitch,missing,2006,"Jan. 21, 1743","July 2, 1798"
Edith Flanigen,Molecular Sieves,edith-flanigen,"['4,310,440']",2004,"Jan. 28, 1929",
Leonard Flom,Iris Recognition System,leonard-flom,"['4,641,349']",2013,"Oct. 2, 1927",15-Mar-2022
Thomas J. Fogarty,Embolectomy Catheter,thomas-j-fogarty,"['3,435,826']",2001,"Feb. 25, 1934",
M. Judah Folkman,Angiogenesis Inhibition,m-judah-folkman,"['4,164,560']",2010,"Feb. 24, 1933","Jan. 14, 2008"
Henry Ford,Transmission Mechanism,henry-ford,"['1,005,186']",1982,"July 30, 1863",7-Apr-1947
Jay W. Forrester,Random Access Memory,jay-w-forrester,"['2,736,880']",1979,14-Jul-2018,"Nov. 16, 2016"
Eric R. Fossum,CMOS Active Pixel Image Sensor Camera-on-a-Chip,eric-r-fossum,"['5,471,515']",2011,"Oct. 17, 1957",
John E. Franz,Glyphosate Herbicide,john-e-franz,"['3,799,758']",2007,"Dec. 21, 1929",
Alfred H. Free,Glucose Detection for Diabetes,alfred-h-free,"['2,848,308']",2000,11-Apr-2013,15-May-2000
Helen M. Free,Glucose Detection for Diabetes,helen-m-free,"['2,912,309']",2000,"Feb. 20, 1923",1-May-2021
Ross Freeman,Field Programmable Gate Array (FPGA),ross-freeman,"['4,870,302']",2009,26-Jul-1948,"Oct. 22, 1989"
Harold Froehlich,Alvin Deep-Sea Submersible,harold-froehlich,"['3,104,641']",2017,13-Jul-2022,19-May-2007
Dov  Frohman-Bentchkowsky,Electrically Programmable Read-Only Memory Array,dov-frohman-bentchkowsky,"['3,744,036']",2009,28-Mar-1939,
Arthur L. Fry,Post-it® Notes,arthur-l-fry,"['5,194,299']",2010,"Aug. 19, 1931",
Calvin Fuller,Silicon Solar Cell,calvin-fuller,"['2,780,765']",2008,25-May-2002,"Oct. 28, 1994"
Robert Fulton,Steamboat,robert-fulton,missing,2006,"Nov. 14, 1765","Feb. 24, 1815"
Dennis Gabor,Electron Holography,dennis-gabor,"['2,452,919']",2012,5-Jun-2000,"Feb. 8, 1979"
Ashok Gadgil,Water Disinfecting Device,ashok-gadgil,"['5,780,860']",2014,"Nov. 15, 1950",
Emile Gagnan,Diving Equipment,emile-gagnan,"['2,485,039']",2010,"Nov. 1, 1900","Jan. 1, 1979"
Robert Gallo,HIV Virus Isolation and Diagnosis,robert-gallo,"['4,708,818']",2004,23-Mar-1937,
Haren Gandhi,Automotive Exhaust Catalysts,haren-gandhi,"['5,102,853']",2017,2-May-1941,"Jan. 23, 2010"
Charon Robin Ganellin,Tagamet - Cimetidine,charon-robin-ganellin,"['3,950,333', '4,024,271']",1990,"Jan. 25, 1934",
Edmund Germer,Fluorescent Lamp,edmund-germer,"['2,182,732', '2,202,199']",1996,"Aug. 24, 1901","Aug. 10, 1987"
Ivan Getting,Global Positioning System,ivan-getting,"['2,709,773']",2004,"Jan. 18, 1912","Oct. 11, 2003"
John Gibbon,Heart-Lung Machine,john-gibbon,"['2,702,035']",2004,"Sept. 29, 1903","Feb. 5, 1973"
King Camp Gillette,Safety Razor,king-camp-gillette,"['775,134']",2007,"Jan. 5, 1855",9-Jul-1932
Charles P. Ginsburg,Video Tape Recording,charles-p-ginsburg,"['2,956,114']",1990,27-Jul-2020,9-Apr-1992
Joseph F. Glidden,Barbed Wire,joseph-f-glidden,"['157,124']",2006,"Jan. 18, 1813","Oct. 9, 1906"
Robert Hutchings Goddard,Solid Fuel Rockets,robert-hutchings-goddard,"['2,397,657']",1979,"Oct. 5, 1882","Aug. 10, 1945"
William A. Goddard,Magnetic Disk Drive,william-goddard,"['3,503,060']",2007,10-Jul-2013,"Sept. 29, 1997"
"Leopold Godowsky, Jr.",Kodachrome® Film,leopold-godowsky,"['1,997,493']",2005,27-May-2000,"Feb. 18, 1983"
Peter C. Goldmark,Long-Playing (LP) Record,peter-c-goldmark,"['2,950,116']",2007,"Dec. 2, 1906","Dec. 7, 1977"
Andrea Goldsmith,Adaptive Beamforming for Multi-Antenna Wi-Fi,andrea-goldsmith,"['8,064,835']",2024,4-Jul-1964,
Hannibal Goodwin,Transparent Flexible Nitrocellulose Film,hannibal-goodwin,"['610,861']",2011,"April 21, 1822","Dec. 31, 1900"
Charles Goodyear,Vulcanization of Rubber,charles-goodyear,"['3,633']",1976,"Dec. 29, 1800","July 1, 1860"
Robert W. Gore,"ePTFE, Known by the GORE-TEX® Brand Name",robert-w-gore,"['3,953,566']",2006,15-Apr-1937,"Sept. 17, 2020"
Gordon Gould,Optically Pumped Laser Amplifiers,gordon-gould,"['4,053,845', '4,704,583']",1991,17-Jul-2020,"Sept. 16, 2005"
Zenobe Theophile Gramme,Direct-Current Dynamo,zenobe-theophile-gramme,"['120,057']",2006,"April 4, 1826","Jan. 20, 1901"
Elisha Gray,Telegraphic Instruments,elisha-gray,"['461,470']",2007,"Aug. 2, 1835","Jan. 21, 1901"
Wilson Greatbatch,Implantable Pacemaker,wilson-greatbatch,"['3,057,356']",1986,"Sept. 6, 1919","Sept. 27, 2011"
Leonard Michael Greene,Aircraft Stall Warning Device,leonard-michael-greene,"['2,478,967']",1991,8-Jun-2018,"Nov. 30, 2006"
Leroy Grumman,Retractable Landing Gear; Folding Wing,leroy-grumman,"['1,859,624']",2003,"Jan. 4, 1895","Oct. 4, 1982"
Robert Gundlach,Modern Photocopier,robert-gundlach,"['2,812,709']",2005,"Sept. 7, 1926","Aug. 18, 2010"
Jaap C. Haartsen,Bluetooth® Wireless Technology,jaap-c-haartsen,"['6,590,928']",2015,"Feb. 13, 1963",
Fritz Haber,Production of Ammonia,fritz-haber,"['971,501']",2006,"Dec. 9, 1868","Jan. 29, 1934"
Charles Martin Hall,Manufacture of Aluminum,charles-martin-hall,"['400,665']",1976,"Dec. 6, 1863","Dec. 27, 1914"
H. Tracy Hall,Diamond Synthesis,h-tracy-hall,"['2,947,610']",2010,"Oct. 20, 1919",25-Jul-2008
Lloyd Augustus Hall,Food Preservatives,lloyd-augustus-hall,"['2,107,697']",2004,"June 20, 1894","Jan. 2, 1971"
Robert N. Hall,Semiconductor Laser,robert-n-hall,"['2,994,018']",1994,"Dec. 25, 1919","Nov. 7, 2016"
Thomas Seavey Hall,Improvement in Electrical Signals,thomas-seavey-hall,"['89,308']",2007,"April 1, 1827","Dec. 1, 1880"
Andrew Smith Hallidie,Cable Car,andrew-smith-hallidie,"['100,140']",2006,"March 16, 1836",24-Apr-2000
Francis Hamilton,Automatic Sequence Controlled Calculator (Mark I),francis-hamilton,"['2,616,626']",2014,"May 31, 1898",27-Mar-1972
"John Hays Hammond, Jr.",Radio Control,john-hays-hammond,"['1,295,741']",2011,"April 13, 1888",12-Feb-1965
William Edward Hanford,Polyurethane,william-edward-hanford,"['2,284,896']",1991,"Dec. 9, 1908","Jan. 27, 1996"
Eli Harari,Floating Gate EEPROM,eli-harari,"['4,115,914', '5,297,148']",2017,10-Jun-1945,
W. Lincoln Hawkins,Polymer Cable Sheath,w-lincoln-hawkins,"['2,967,845']",2010,21-Mar-2011,"Aug. 20, 1992"
Elizabeth Lee Hazen,Nystatin (Antifungal / Antibiotic),elizabeth-lee-hazen,"['2,797,183']",1994,"Aug. 24, 1885",24-Jun-1975
Howard Head,Laminate Ski; Oversized Tennis Racket,howard-head,"['2,694,580', '3,999,756']",2017,31-Jul-2014,3-Mar-1991
M. Stephen Heilman,Implantable Heart Defibrillator,m-stephen-heilman,"['4,202,340']",2002,"Dec. 25, 1933",
George Heilmeier,Electro-Optic Liquid Crystal Device,george-heilmeier,"['3,499,112']",2009,22-May-1936,21-Apr-2014
Martin Hellman,Public-Key Cryptography,martin-hellman,"['4,200,770']",2011,"Oct. 2, 1945",
Francois Hennebique,Reinforced-Concrete Construction,francois-hennebique,"['611,907']",2011,"April 26, 1842",7-Mar-2021
Beulah Louise Henry,Various Inventions for Daily Use,beulah-louise-henry,"['1,037,762']",2006,"Sept. 28, 1887","Feb. 1, 1973"
Harald Hess,Photoactivated Localization Microscopy (PALM),harald-hess,"['7,535,012']",2024,"Sept. 12, 1955",
Peter Cooper Hewitt,Mercury-Vapor Lamp,peter-cooper-hewitt,"['1,030,178']",2011,"March 5, 1861","Aug. 25, 1921"
William R. Hewlett,Audio Oscillator,william-r-hewlett,"['2,268,872']",1992,20-May-2013,"Jan. 12, 2001"
Beatrice Hicks,Device for Sensing Gas Density,beatrice-hicks,"['3,046,369']",2017,"Jan. 2, 1919","Oct. 21, 1979"
Andrew Higgins,"LCVP (Landing Craft, Vehicle, Personnel); Higgins Boats",andrew-higgins,"['2,144,111', '2,341,866']",2019,"Aug. 28, 1886","Aug. 1, 1952"
Rene Alphonse Higonnet,Photo Composing Machine,rene-alphonse-higonnet,"['2,790,362']",1985,5-Apr-2002,"Oct. 13, 1983"
Maurice Ralph Hilleman,Vaccines,maurice-ralph-hilleman,"['3,555,149', '4,459,286']",2007,"Aug. 30, 1919",11-Apr-2005
James  Hillier,Electron Microscope Lens Correction Device,james-hillier,"['2,455,676']",1980,"Aug. 22, 1915","Jan. 15, 2007"
Richard Hoe,Double-Cylinder Printing Press,richard-hoe,"['2,629']",2006,"Sept. 12, 1812","June 7, 1886"
Jean A. Hoerni,Method of Manufacturing Semiconductor Devices,jean-hoerni,"['3,025,589']",2009,"Sept. 26, 1924","Jan. 12, 1997"
Marcian E. (Ted) Hoff,Microprocessor,marcian-e-ted-hoff,"['3,821,715']",1996,"Oct. 28, 1937",
Felix Hoffmann,Aspirin,felix-hoffmann,"['644,077']",2002,"Jan. 21, 1868","Feb. 8, 1946"
J. Paul Hogan,High-Density Polyethylene and Polypropylene Plastics,j-paul-hogan,"['2,825,721']",2001,"Aug. 7, 1919","Feb. 19, 2012"
John Phillip Holland,Submarine,john-phillip-holland,"['472,670']",2007,"Feb. 29, 1840","Aug. 12, 1914"
Herman Hollerith,Punch Card Tabulator,herman-hollerith,"['395,781', '395,782', '395,783']",1990,"Feb. 29, 1860","Nov. 17, 1929"
Alexander L. Holley,Steelmaking Process in America,alexander-l-holley,"['86,303']",2006,"July 20, 1832","Jan. 29, 1882"
"Birdsill Holly, Jr.",Modern-Day Fire Hydrant,birdsill-holly,"['94,746']",2006,"Nov. 8, 1820","April 27, 1894"
Donald Fletcher Holmes,Polyurethane,donald-fletcher-holmes,"['2,284,896']",1991,"Sept. 29, 1910","Oct. 13, 1980"
"Nick Holonyak, Jr.",LED,nick-holonyak,"['3,249,473']",2008,"Nov. 3, 1928","Sept. 18, 2022"
Benjamin Holt,Track-Type Tractor,benjamin-holt,"['874,008']",2006,"Jan. 1, 1849","Dec. 5, 1920"
Stan Honey,Sports Broadcast Graphic Enhancements,stan-honey,"['6,141,060']",2018,8-Apr-1955,
Leroy Edward Hood,DNA Sequencer,leroy-edward-hood,"['5,171,534']",2007,"Oct. 10, 1938",
Erna Schneider Hoover,Computerized Telephone Switching,erna-schneider-hoover,"['3,623,007']",2008,19-Jun-2026,
Philippe Horvath,CRISPR-enhanced Food Products,philippe-horvath,"['9,879,269', '9,951,342']",2023,17-Apr-1970,
Larry Hornbeck,Digital Micromirror Device,larry-hornbeck,"['5,061,049']",2009,"Sept. 17, 1943",
Eugene Houdry,Catalytic Cracking,eugene-houdry,"['1,837,963']",1990,"April 18, 1892",18-Jul-1962
Godfrey Newbold Hounsfield,CT Scan,godfrey-newbold-hounsfield,"['3,965,357']",2007,"Aug. 28, 1919","Aug. 12, 2004"
Elias Howe,Sewing Machine,elias-howe,"['4,750']",2004,"July 9, 1819","Oct. 3, 1867"
George Hulett,Loading and Unloading Machine,george-hulett,"['652,313']",2006,"Sept. 26, 1846","Jan. 17, 1923"
Charles Hull,Stereolithography (3-D Printing),charles-hull,"['4,575,330']",2014,12-May-1939,
Walter Hunt,Safety Pin,walter-hunt,"['6,281']",2006,"July 29, 1796","June 8, 1859"
John Wesley Hyatt,Celluloid,john-wesley-hyatt,"['88,633']",2006,"Nov. 28, 1837",10-May-2020
J. Franklin Hyde,Transparent Silica,j-franklin-hyde,"['2,272,342']",2000,11-Mar-2003,"Oct. 11, 1999"
Simon Ingersoll,Steam-Powered Rock Drill,simon-ingersoll,"['112,254']",2006,"March 3, 1818","July 24, 1894"
Frederic Eugene Ives,Color Photography,frederic-eugene-ives,"['1,145,143']",2011,"Feb. 17, 1856",27-May-1937
Irwin Mark Jacobs,CDMA Technology,irwin-mark-jacobs,"['4,901,307']",2013,"Oct. 18, 1933",
Joseph M. Jacobson,Electronic Ink,joseph-m-jacobson,"['6,124,851']",2016,28-Jun-1965,
Ali Javan,Helium-Neon Laser,ali-javan,"['3,149,290']",2006,"Dec. 26, 1926","Sept. 12, 2016"
Allene Jeanes,Dextran Production; Xanthan Gum,allene-jeanes,"['2,587,623', '3,000,790']",2017,19-Jul-2006,"Dec. 11, 1995"
Alec Jeffreys,Genetic Fingerprinting,alec-jeffreys,"['5,413,908']",2005,"Jan. 9, 1950",
Charles Jenkins,Motion Picture Projector,charles-jenkins,"['671,111']",2011,"Aug. 22, 1867",6-Jun-1934
Thomas Jennings,Dry Scouring,thomas-jennings,['3306x'],2015,"Jan. 1, 1791","Feb. 11, 1859"
Steve Jobs,iPod User Interface®,steve-jobs,"['7,166,791']",2012,"Feb. 24, 1955","Oct. 5, 2011"
"Amos Joel, Jr.",Mobile Communication System,amos-joel,"['3,663,762']",2008,12-Mar-2018,"Oct. 25, 2008"
Clarence Johnson,Afterburning Means for Turbo-Jet Engines,clarence-johnson,"['2,771,740']",2008,"Feb. 27, 1910","Dec. 21, 1990"
Kristina M. Johnson,Polarization-Control Technology,kristina-m-johnson,"['5,132,826']",2015,7-May-1957,
Lonnie Johnson,Super Soaker®,lonnie-johnson,"['4,591,071']",2022,"Oct. 6, 1949",
Warren S. Johnson,Temperature Control,warren-s-johnson,"['542,733', '281,884']",2018,"Nov. 6, 1847","Dec. 5, 1911"
Frederick McKinley Jones,Mobile Refrigeration,frederick-mckinley-jones,"['2,303,857']",2007,"May 17, 1893","Feb. 21, 1961"
"Howard S. Jones, Jr.",Conformal Antennas,howard-s-jones,"['4,010,470']",2018,"Aug. 18, 1921","Feb. 26, 2005"
Marshall Jones,Industrial Lasers,marshall-jones,"['4,676,586']",2017,"Aug. 1, 1941",
Kenneth C. Jordan,Radioisotopic Thermoelectric Generator (RTG),kenneth-c-jordan,"['2,913,510']",2013,24-Jul-2021,15-May-2008
Marjorie Stewart Joyner,Permanent Wave Machine,marjorie-stewart-joyner,"['1,693,515']",2023,"Oct. 24, 1896","Dec. 27, 1994"
Percy Lavon Julian,Preparation of Cortisone,percy-lavon-julian,"['2,752,339']",1990,"April 11, 1899",19-Apr-1975
Robert E. Kahn,Transmission Control Protocol / Internet Protocol,robert-e-kahn,"['6,574,628']",2006,"Dec. 23, 1938",
Dawon Kahng,MOSFET,dawon-kahng,"['3,102,230']",2009,4-May-1931,13-May-1992
Charles H. Kaman,Rotor Control Mechanism for Helicopter,charles-h-kaman,"['2,668,595']",2003,15-Jun-2019,"Jan. 31, 2011"
Dean Kamen,AutoSyringe® Ambulatory Infusion Pump,dean-kamen,"['3,858,581']",2005,5-Apr-1951,
Sheldon Kaplan,EpiPen® Auto-Injector,sheldon-kaplan,"['4,031,893']",2016,6-Jun-1939,"Sept. 21, 2009"
Katalin Karikó,Modified mRNA Technology Used in COVID-19 Vaccines,katalin-kariko,"['8,278,036']",2023,"Jan. 17, 1955",
Donald B. Keck,Optical Fiber,donald-b-keck,"['3,659,915', '3,711,262']",1993,"Jan. 2, 1941",
Cyril Keller,Bobcat® Skid-Steer Loader,cyril-keller,"['3,151,503']",2023,8-Apr-2022,"Oct. 28, 2020"
Louis Keller,Bobcat® Skid-Steer Loader,louis-keller,"['3,151,503']",2023,9-May-2023,11-Jul-2010
John H. Kellogg,Breakfast Cereal,john-h-kellogg,"['558,393']",2006,"Feb. 26, 1852","Dec. 14, 1943"
Charles D. Kelman,Cataract Surgery,charles-d-kelman,"['3,589,363']",2004,23-May-1930,1-Jun-2004
Clarence Kemp,Passive Solar Water Heater,clarence-kemp,"['451,384']",2011,,
Charles Franklin Kettering,Electrical Ignition System,charles-franklin-kettering,"['1,150,523', '1,171,055']",1980,"Aug. 29, 1876","Nov. 25, 1958"
Mary Dixon Kies,Process for Weaving Straw with Silk or Thread,mary-dixon-kies,missing,2006,"March 21, 1752","Jan. 1, 1837"
Jack S. Kilby,Integrated Circuit,jack-s-kilby,"['3,138,743']",1982,"Nov. 8, 1923",20-Jun-2005
Albert Kingsbury,Thrust Bearing,albert-kingsbury,"['947,242']",2007,"Dec. 23, 1863",28-Jul-1943
Dale Kleist,Fiberglass,dale-kleist,"['2,121,802']",2006,"Jan. 17, 1909",4-May-1998
David Klenerman,Sequencing-by-Synthesis (SBS),david-klenerman,"['7,297,486']",2024,"Sept. 9, 1959",
Margaret E. Knight,Machine for Making Flat-Bottom Paper Bags,margaret-e-knight,['RE9202'],2006,"Feb. 14, 1838","Oct. 12, 1914"
Jeff Kodosky,Virtual Instrumentation - LabVIEW™,jeff-kodosky,"['4,901,221']",2019,"Nov. 4, 1949",
Willem J. Kolff,Artificial Heart,willem-j-kolff,"['3,641,591']",1985,"Feb. 14, 1911","Feb. 11, 2009"
Paul Kollsman,Altimeter,paul-kollsman,"['2,036,581']",2003,"Feb. 22, 1900","Sept. 26, 1982"
William J. Kroll,Titanium Production,william-j-kroll,"['2,205,854']",2000,"Nov. 24, 1889",30-Mar-1973
Raymond Kurzweil,Optical Character Recognition,raymond-kurzweil,"['6,199,042']",2002,"Feb. 12, 1948",
Stephanie Louise Kwolek,Kevlar® Fiber,stephanie-louise-kwolek,"['3,819,587','RE30352']",1995,31-Jul-2023,18-Jun-2014
Irwin M. Lachman,Ceramic Substrate in Catalytic Converters,irwin-m-lachman,"['3,885,977']",2002,"Aug. 2, 1930",
Clair Lake,Automatic Sequence Controlled Calculator (Mark I),clair-lake,"['2,616,626']",2014,"Jan. 1, 1888","Jan. 1, 1958"
Hedy Lamarr,Frequency Hopping Communication System,hedy-lamarr,"['2,292,387']",2014,"Nov. 9, 1914","Jan. 19, 2000"
Edwin Herbert Land,Instant One-Step Photography,edwin-herbert-land,"['2,543,181']",1977,7-May-2009,1-Mar-1991
Alois A. Langer,Implantable Heart Defibrillator,alois-langer,"['4,202,340']",2002,"Feb. 24, 1945",
"Robert S. Langer, Jr.",Controlled Drug Delivery,robert-s-langer,"['4,391,797', '4,757,128']",2006,"Aug. 29, 1948",
Irving Langmuir,Incandescent Electric Lamp,irving-langmuir,"['1,180,159']",1989,"Jan. 31, 1881","Aug. 16, 1957"
Lorenzo L. Langstroth,Beehive,lorenzo-l-langstroth,"['9,300']",2007,"Dec. 25, 1810","Oct. 6, 1895"
Vincent L. Lanza,Polymer Cable Sheath,vincent-l-lanza,"['2,967,845']",2010,26-Mar-2022,18-Jun-1972
Lewis Latimer,Durable Carbon Filament for Electric Light Bulbs,lewis-latimer,"['252,386']",2006,"Sept. 4, 1848","Dec. 11, 1928"
Paul Christian Lauterbur,Magnetic Resonance Imaging,paul-christian-lauterbur,"['5,081,992']",2007,6-May-2029,27-Mar-2007
Ernest Orlando Lawrence,Cyclotron,ernest-orlando-lawrence,"['1,948,384']",1982,"Aug. 8, 1901","Aug. 27, 1958"
Victor B. Lawrence,Signal Processing in Telecommunications,victor-b-lawrence,"['4,034,197', '4,213,187']",2016,10-May-1945,
William P. Lear,Car Radio,william-p-lear,"['1,944,139']",1993,26-Jun-2002,14-May-1978
Joseph Lechleider,DSL - Digital Subscriber Line,joseph-lechleider,"['5,181,198']",2013,"Feb. 22, 1933",18-Apr-2015
Robert S. Ledley,CT Scan,robert-s-ledley,"['3,922,552']",1990,28-Jun-2026,24-Jul-2012
Joseph Lee,Bread Machines,joseph-lee,"['524,042', '540,553']",2019,11-Jun-2008,
Tom Leighton,Content Delivery Network,tom-leighton,"['6,108,703']",2017,"Oct. 28, 1956",
Henry M. Leland,Interchangeable Parts for Automobiles,henry-m-leland,"['569,789']",2011,"Feb. 16, 1843",26-Mar-1932
Daniel Lewin,Content Delivery Network,daniel-lewin,"['6,108,703']",2017,14-May-1970,"Sept. 11, 2001"
Ronald M. Lewis,Ceramic Substrate in Catalytic Converters,ronald-m-lewis,"['3,885,977']",2002,"Feb. 18, 1936",
Ming-Jun Li,Bend-Insensitive Optical Fiber,ming-jun-li,"['7,450,806', '7,903,917', '8,385,701']",2022,"Oct. 12, 1959",
Frances Ligler,Portable Optical Biosensors,frances-ligler,"['5,077,210']",2017,11-Jun-1951,
Lisa Lindahl,Sports Bra,lisa-lindahl,"['4,174,717']",2022,"Nov. 23, 1948",
Edwin A. Link,Flight Simulator,edwin-link,"['1,825,462']",2003,26-Jul-2004,"Sept. 7, 1981"
Barbara Liskov,Programming Languages and System Design,barbara-liskov,"['6,671,821']",2012,"Nov. 7, 1939",
Oliver Joseph Lodge,Electric Telegraphy,oliver-joseph-lodge,"['609,154']",2007,"June 12, 1851","Aug. 22, 1940"
Alfred L. Loomis,LORAN,alfred-l-loomis,"['2,884,628']",2013,"Nov. 4, 1887","Aug. 1, 1975"
Auguste-Marie Lumiere,Cinematographe,auguste-marie-lumiere,"['591,858']",2007,"Oct. 19, 1862",10-Apr-1954
Louis Lumiere,Cinematographe,louis-lumiere,"['591,858']",2007,"Oct. 5, 1864",6-Jun-1948
John Joseph Lynott,Magnetic Disk Drive,john-joseph-lynott,"['3,503,060']",2007,"Aug. 25, 1921",20-Apr-1994
Paul B. MacCready,Gossamer Condor,paul-b-maccready,"['4,206,892']",2015,"Sept. 29, 1925","Aug. 28, 2007"
John Macdougall,Ion Implantation,john-macdougall,"['3,895,966']",2009,19-Jun-1940,
Stanley Macomber,Open Web Joist,stanley-macomber,"['1,651,032']",2011,"Nov. 26, 1887",15-May-1967
Asad Madni,MEMS Gyroscope for Aerospace and Automotive Safety,asad-madni,"['7,360,422']",2024,"Sept. 8, 1947",
Theodore Harold Maiman,Laser,theodore-harold-maiman,"['3,353,115']",1984,11-Jul-2027,5-May-2007
Ken Manchester,Ion Implantation,ken-manchester,"['3,895,966']",2009,22-Mar-2025,"Nov. 10, 2014"
Leopold Mannes,Kodachrome® Film,leopold-mannes,"['1,997,493']",2005,"Dec. 26, 1899","Aug. 11, 1964"
Peter Mansfield,Magnetic Resonance Imaging,peter-mansfield,"['4,115,730']",2007,"Oct. 9, 1933","Feb. 8, 2017"
Guglielmo Marconi,Radio,guglielmo-marconi,"['586,193']",1975,"April 25, 1874",20-Jul-1937
Warren Marrison,Quartz Clock,warren-marrison,"['1,788,533']",2011,"May 21, 1896",27-Mar-1980
Homer Z. Martin,Fluid Catalytic Cracking,homer-z-martin,"['2,451,804']",1999,"Nov. 20, 1910","Sept. 1, 1993"
John L. Mason,Mason Jar,john-l-mason,"['22,186']",2006,"Jan. 1, 1832","Feb. 26, 1902"
Jan Ernst Matzeliger,Shoe-Lasting Machine,jan-ernst-matzeliger,"['274,207']",2006,"Sept. 15, 1852","Aug. 24, 1889"
John Mauchly,ENIAC,john-mauchly,"['2,577,141']",2002,"Aug. 30, 1907","Jan. 8, 1980"
Robert D. Maurer,Optical Fiber,robert-d-maurer,"['3,659,915', '3,711,262']",1993,20-Jul-2024,
Hiram S. Maxim,Maxim Gun; Smokeless Gunpowder,hiram-s-maxim,"['430,212']",2006,"Feb. 5, 1840","Nov. 24, 1916"
Wilhelm Maybach,Explosion and Combustion Motor,wilhelm-maybach,"['499,302', '668,111']",2007,"Feb. 9, 1846","Dec. 29, 1929"
Stanley Mazor,Microprocessor,stanley-mazor,"['3,821,715']",1996,"Oct. 22, 1941",
Cyrus McCormick,Mechanical Reaper,cyrus-mccormick,missing,1976,"Feb. 15, 1809","May 13, 1884"
Elijah McCoy,Automatic Engine Lubricator,elijah-mccoy,"['129,843']",2001,"May 2, 1844","Oct. 10, 1929"
James McEwen,Automatic Surgical Tourniquet,james-mcewen,"['4,469,099']",2022,10-Jun-1948,
Otis Ray McIntire,STYROFOAM™ Brand Foam,otis-ray-mcintire,"['2,450,436']",2008,"Aug. 24, 1918","Feb. 2, 1996"
Malcom McLean,Containerized Shipping,malcom-mclean,"['2,853,968']",2008,"Nov. 14, 1913",25-May-2001
Harold McMaster,Tempered Glass,harold-mcmaster,"['3,994,711']",2008,20-Jul-2016,"Aug. 25, 2003"
Carver Mead,Very Large-Scale Integration (VLSI),carver-mead,"['3,959,774']",2009,1-May-1934,
Ottmar Mergenthaler,Linotype Composing Machine,ottmar-mergenthaler,"['317,828']",1982,"May 10, 1854","Oct. 28, 1899"
Ralph Merkle,Public-Key Cryptography,ralph-merkle,"['4,200,770']",2011,"Feb. 2, 1952",
Robert M. Metcalfe,Ethernet,robert-m-metcalfe,"['4,063,220']",2007,7-Apr-1946,
Gary K. Michelson,Spinal Surgical Devices,gary-k-michelson,"['6,770,074']",2011,"Jan. 14, 1949",
"Thomas Midgley, Jr.",Ethyl Gasoline,thomas-midgley,"['1,491,998']",2003,"May 18, 1889","Nov. 2, 1944"
Alexander Miles,Improved Method for Opening and Closing Elevators,alexander-miles,"['371,207']",2007,"May 18, 1838",7-May-2018
Hinda Miller,Sports Bra,hinda-miller,"['4,174,717']",2022,18-Apr-1950,
Lewis Miller,Improvement in Mowing Machines,lewis-miller,"['15,160']",2006,"July 24, 1829","Feb. 17, 1899"
Irving Millman,Vaccine for Hepatitis B,irving-millman,"['3,636,191', '3,872,225']",1993,23-May-2023,17-Apr-2012
Michel Mirowski,Implantable Heart Defibrillator,michel-mirowski,"['4,202,340']",2002,"Oct. 14, 1924",26-Mar-1990
Sumita Mitra,Nanocomposite Dental Materials,sumita-mitra,"['6,730,156', '6,572,693', '6,387,981']",2018,"Feb. 27, 1949",
Dennis L. Moeller,Peripherals,dennis-l-moeller,"['4,528,626']",1997,28-Apr-1950,
Bryan B. Molloy,Prozac,bryan-b-molloy,"['4,314,081']",1999,30-Mar-1939,8-May-2004
Luc Montagnier,HIV Virus Isolation and Diagnosis,luc-montagnier,"['4,708,818']",2004,"Aug. 18, 1932","Feb. 8, 2022"
Robert A. Moog,Moog Synthesizer,robert-moog,"['3,475,623']",2013,23-May-1934,"Aug. 21, 2005"
Gordon Moore,Method for Fabricating Transistors,gordon-moore,"['3,108,359']",2009,"Jan. 3, 1929",24-Mar-2023
Garrett Morgan,The Gas Mask; Three-way Traffic Signal,garrett-morgan,"['1,090,936', '1,475,024']",2005,"March 4, 1887","Aug. 27, 1963"
Samuel F. B. Morse,Telegraph,samuel-f-b-morse,"['1,647']",1975,"April 27, 1791","April 2, 1872"
Mick Mountz,Mobile Robotic Material Handling for Order Fulfillment,mick-mountz,"['8,649,899']",2022,5-May-1965,
Morton Mower,Implantable Heart Defibrillator,morton-mower,"['4,202,340']",2002,"Jan. 31, 1933",25-Apr-2022
Andrew J. Moyer,Method for Production of Penicillin,andrew-j-moyer,"['2,442,141', '2,443,989']",1987,"Nov. 30, 1899","Feb. 17, 1959"
Louis Marius Moyroud,Photo Composing Machine,louis-marius-moyroud,"['2,790,362']",1985,"Feb. 16, 1914",28-Jun-2010
Joseph Muhler,Stannous Fluoride Toothpaste,joseph-muhler,"['3,445,567']",2019,"Dec. 22, 1923","Dec. 24, 1996"
Kary B. Mullis,Polymerase Chain Reaction,kary-b-mullis,"['4,683,202']",1998,"Dec. 28, 1944","Aug. 7, 2019"
Eger V. Murphree,Fluid Catalytic Cracking,eger-v-murphree,"['2,451,804']",1999,"Nov. 3, 1898","Oct. 29, 1962"
"William P. Murphy, Jr.",Disposable Medical Trays,william-p-murphy,"['3,013,656']",2008,"Nov. 11, 1923","Nov. 30, 2023"
George Washington Murray,Agricultural Machinery,george-washington-murray,"['517,960']",2024,"Sept. 22, 1853",21-Apr-2026
Thomas E. Murray,Electric Fuse Box,thomas-e-murray,"['913,754']",2011,"Oct. 21, 1860",21-Jul-2029
Eadweard Muybridge,Stop-Action Photography,eadweard-muybridge,"['212,865']",2011,"April 9, 1830",8-May-2004
Shuji Nakamura,Blue LED,shuji-nakamura,"['5,290,393']",2015,22-May-1954,
William Nebergall,Stannous Fluoride Toothpaste,william-nebergall,"['2,876,166']",2019,"Dec. 21, 1914","Sept. 2, 1978"
Walther H. Nernst,Metallic Filament Incandescent Lamp,walther-h-nernst,"['623,811']",2011,"June 25, 1864","Nov. 18, 1941"
John Nicholson,Ibuprofen,john-nicholson,"['3,228,831']",2022,30-May-2025,4-Mar-1983
Rev. Julius Arthur Nieuwland,"C.S.C., Synthetic Rubber",rev-julius-arthur-nieuwland,"['1,811,959']",1996,"Feb. 14, 1878",11-Jun-1936
Alfred Nobel,Dynamite,alfred-nobel,"['78,317']",1998,"Oct. 21, 1833","Dec. 10, 1896"
Arthur Nobile,Prednisone,arthur-nobile,"['3,134,718']",2007,6-May-2020,"Jan. 13, 2004"
John K. Northrop,Flying Wing Plane; All-Metal High-Wing Monocoque Airplane (Vega),john-k-northrop,"['2,406,506']",2003,"Nov. 10, 1895","Feb. 18, 1981"
Frederick Novello,Thiazide Diuretics (Chlorothiazide),frederick-novello,"['2,809,194']",2019,"Dec. 17, 1986",
Robert N. Noyce,Integrated Circuit,robert-n-noyce,"['2,981,877']",1983,"Dec. 12, 1927",3-Jun-1990
Bernard Oliver,Pulse Code Modulation,bernard-oliver,"['2,801,281']",2004,27-May-2016,"Nov. 23, 1995"
Kenneth H. Olsen,Magnetic Core Memory,kenneth-h-olsen,"['3,161,861']",1990,"Feb. 20, 1926","Feb. 6, 2011"
Miguel Angel Ondetti,Captopril,miguel-angel-ondetti,"['4,105,776']",2007,14-May-1930,"Aug. 23, 2004"
Elisha Graves Otis,Elevator Brake,elisha-graves-otis,"['31,128']",1988,"Aug. 3, 1811","April 8, 1861"
Nicolaus August Otto,Gas-Motor Engine,nicolaus-august-otto,"['365,701']",1981,"June 10, 1832","Jan. 26, 1891"
Stanford R. Ovshinsky,Nickel-Metal Hydride Battery,stanford-r-ovshinsky,"['4,623,597']",2015,"Nov. 24, 1922","Oct. 17, 2012"
Michael J. Owens,Glass-Shaping Machine,michael-j-owens,"['766,768']",2007,"Jan. 1, 1859","Dec. 27, 1923"
Charles G. Page,High-Voltage Induction Coil,charles-g-page,"['76,654']",2006,"Jan. 25, 1812","May 5, 1868"
William Painter,Bottle Cap,william-painter,"['468,226']",2006,"Nov. 20, 1838",15-Jul-2006
David Pall,Leukocyte Reduction Filter,david-pall,"['4,925,572']",2008,2-Apr-2014,"Sept. 21, 2004"
Julio C. Palmaz,Intravascular Stent,julio-c-palmaz,"['4,733,665']",2006,"Dec. 13, 1945",
Louis W. Parker,Television Receiver,louis-w-parker,"['2,448,908']",1988,"Jan. 1, 1906",21-Jun-1993
Bradford Parkinson,Global Positioning System,bradford-parkinson,"['5,572,218']",2004,"Feb. 16, 1935",
James A. Parsons Jr.,Durimet 20 (Alloy 20) Stainless Steel Alloy,james-parsons-jr,"['2,185,987']",2023,30-May-2000,4-Mar-1989
John T. Parsons,Numerical Control,john-t-parsons,"['2,820,187']",1993,"Oct. 11, 1913",18-Apr-2007
Louis Pasteur,Pasteurization,louis-pasteur,"['135,245']",1978,"Dec. 27, 1822","Sept. 28, 1895"
C. Kumar N. Patel,Carbon Dioxide Laser,c-kumar-n-patel,"['3,596,202']",2012,2-Jul-1938,
Les Paul,Solid-Body Electric Guitar,les-paul,"['3,018,680']",2005,9-Jun-2015,"Aug. 12, 2009"
Arogyaswami Paulraj,MIMO Wireless Technology,arogyaswami-paulraj,"['5,345,599']",2018,14-Apr-1944,
Gerald L. Pearson,Silicon Solar Cell,gerald-l-pearson,"['2,780,765']",2008,31-Mar-2005,"Oct. 25, 1987"
Lester A. Pelton,Water Wheel,lester-pelton,"['233,692']",2006,"Sept. 5, 1829",14-Mar-2008
Mary Engle Pennington,Food Preservation and Storage,mary-engle-pennington,"['1,996,171']",2018,"Oct. 8, 1872","Dec. 27, 1952"
Radia Perlman,Robust Network Routing and Bridging,radia-perlman,"['5,086,428', '7,339,900']",2016,"Dec. 18, 1951",
Henry Phillips,Phillips Screw,henry-phillips,"['2,046,343']",2011,"June 4, 1889",13-Apr-1958
Thomas R. Pickering,Improved Velocipede,thomas-r-pickering,"['88,507']",2007,"Jan. 1, 1831","Feb. 21, 1895"
John Pierce,Communications Satellite,john-pierce,"['2,719,188']",2003,27-Mar-2010,2-Apr-2002
Gregory Pincus,Oral Contraceptive,gregory-pincus,"['2,666,015']",2006,9-Apr-2003,"Aug. 22, 1967"
Charles J. Plank,Zeolite Catalyst for Catalytic Cracking,charles-j-plank,"['3,140,249']",1979,"Nov. 8, 1915","Oct. 23, 1989"
Roy J. Plunkett,Teflon,roy-j-plunkett,"['2,230,654']",1985,26-Jun-2010,12-May-1994
Mary Florence Potts,Cold-Handle Sad Iron,mary-florence-potts,"['103,501', '113,448']",2024,"Nov. 1, 1850",24-Jun-2022
Valdemar Poulsen,Magnetic Wire Recorder,valdemar-poulsen,"['661,619']",2011,"Nov. 23, 1869",23-Jul-1942
George M. Pullman,Pullman Car,george-m-pullman,"['42,182']",2006,"March 3, 1831","Oct. 19, 1897"
Michael Pupin,Loading Coil for Long Distance Telephony,michael-pupin,"['761,995']",2011,"Oct. 4, 1858",12-Mar-1935
Jacqueline  Quinn,EZVI (Emulsified Zero-Valent Iron),jacqueline-quinn,"['6,664,298']",2018,19-Jul-1967,
Jacob Rabinow,Optical Character Reading,jacob-rabinow,"['2,933,246']",2005,"Jan. 8, 1910","Sept. 11, 1999"
Grote Reber,Radio Telescope,grote-reber,"['2,519,603']",2013,"Dec. 22, 1911","Dec. 20, 2002"
Louis Renault,Automobiles,louis-renault,"['660,924']",2007,"Feb. 15, 1877","Oct. 24, 1944"
Jesse Wilford Reno,Escalator,jesse-wilford-reno,"['470,918']",2007,"Jan. 1, 1861","Jan. 1, 1947"
Rebecca Richards-Kortum,Medical Devices for Low-Resource Settings,rebecca-richards-kortum,"['7,365,844']",2019,14-Apr-1964,
Ken Richardson,Fluconazole,ken-richardson,"['4,404,216']",2008,"Nov. 26, 1939",
Norbert Rillieux,Automated Sugar Refining,norbert-rillieux,"['4,879']",2004,"March 17, 1806","Oct. 8, 1894"
Robert Rines,High-Resolution Radar and Sonar,robert-rines,"['2,528,725', '2,711,440', '2,711,534']",1994,"Aug. 30, 1922","Nov. 1, 2009"
Dennis Ritchie,UNIX Operating System,dennis-ritchie,"['4,135,240']",2019,"Sept. 9, 1941","Oct. 12, 2011"
James Ritty,Mechanical Cash Register,james-ritty,"['221,360']",2011,"Oct. 29, 1836",29-Mar-2018
John Ritty,Mechanical Cash Register,john-ritty,"['221,360']",2011,"Jan. 1, 1834","Dec. 28, 1913"
Ronald Rivest,RSA Cryptography,ronald-rivest,"['4,405,829']",2018,6-May-1947,
John Roebling,Suspension Bridge,john-roebling,"['4,710']",2004,"June 12, 1806","July 22, 1869"
John Raphael Rogers,Matrix for Linotype Machine,john-raphael-rogers,"['837,127']",2007,"Dec. 11, 1856","Feb. 18, 1934"
Heinrich Rohrer,Scanning Tunneling Microscope,heinrich-rohrer,"['4,343,993']",1994,6-Jun-1933,16-May-2013
Lubomyr Romankiw,Magnetic Thin-Film Storage Head,lubomyr-romankiw,"['3,908,194']",2012,17-Apr-1931,
Harold A. Rosen,Geosynchronous Communications Satellite,harold-rosen,"['3,133,282']",2003,20-Mar-2026,"Jan. 30, 2017"
Edward J. Rosinski,Zeolite Catalyst for Catalytic Cracking,edward-j-rosinski,"['3,140,249']",1979,"Aug. 12, 1921",4-May-2000
Benjamin A. Rubin,Pronged Vaccinating Needle,benjamin-rubin,"['3,194,237']",1992,"Sept. 27, 1917",8-Mar-2010
Wallace Clement Sabine,Architectural Acoustics,wallace-clement-sabine,"['1,172,838']",2011,"June 13, 1868","Jan. 10, 1919"
Augustine Sackett,Drywall,augustine-sackett,"['520,123']",2017,"March 24, 1841",10-May-2014
Aran Safir,Iris Recognition System,aran-safir,"['4,641,349']",2013,29-Mar-2026,"Jan. 21, 2007"
Lewis Hastings Sarett,Synthetic Cortisone,lewis-hastings-sarett,"['2,462,133']",1980,"Dec. 22, 1917","Nov. 29, 1999"
Steven Sasson,Digital Camera,steven-sasson,"['4,131,919']",2011,4-Jul-1950,
Joseph Saxton,Measuring Instruments,joseph-saxton,"['44,460']",2006,"March 22, 1799","Oct. 26, 1873"
Arthur Leonard Schawlow,Laser,arthur-leonard-schawlow,"['2,929,922']",1996,5-May-2021,28-Apr-1999
Klaus K. Schmiegel,Prozac,klaus-k-schmiegel,"['4,314,081']",1999,28-Jun-1939,
Peter C. Schultz,Optical Fiber,peter-c-schultz,"['3,659,915', '3,711,262']",1993,"Dec. 3, 1942",
Edmund O. Schweitzer III,Digital Protective Relay,edmund-schweitzer,"['4,300,182']",2019,"Oct. 31, 1947",
Glenn T. Seaborg,Plutonium Isolation,glenn-t-seaborg,"['3,000,695']",2005,19-Apr-2012,"Feb. 25, 1999"
Charles D. Seeberger,Escalator,charles-d-seeberger,"['617,778']",2007,"Jan. 1, 1857","Sept. 12, 1931"
Robert J. Seiwald,Isothiocyanate Compounds for Antigen Identification,robert-j-seiwald,"['2,937,186']",1995,26-Mar-2025,
William Sellers,Improvement in Boring Mills,william-sellers,"['17,641']",2007,"Sept. 19, 1824","Jan. 24, 1905"
Waldo L. Semon,Polyvinyl Chloride (PVC),waldo-l-semon,"['1,929,453', '2,188,396']",1995,"Sept. 10, 1898",26-May-1999
Gerhard M. Sessler,Electret Microphone,gerhard-m-sessler,"['3,118,022']",1999,"Feb. 15, 1931",
Adi Shamir,RSA Cryptography,adi-shamir,"['4,405,829']",2018,6-Jul-1952,
Claude Shannon,Pulse Code Modulation,claude-shannon,"['2,801,281']",2004,30-Apr-2016,"Feb. 24, 2001"
Gary D. Sharp,Polarization-Control Technology,gary-d-sharp,"['5,751,384']",2015,"Sept. 25, 1962",
John C. Sheehan,Synthesis of Penicillin,john-c-sheehan,"['3,939,151']",1995,"Sept. 23, 1915",21-Mar-1992
Patsy O. Sherman,Scotchgard™ Textile Protector,patsy-o-sherman,"['3,574,791']",2001,"Sept. 15, 1930","Feb. 11, 2008"
Joseph C. Shivers Jr.,LYCRA® Fiber (Spandex),joseph-c-shivers-jr,"['3,023,192']",2018,"Nov. 29, 1920","Sept. 1, 2014"
William B. Shockley,Transistor,william-b-shockley,"['2,502,488', '2,524,035']",1974,"Feb. 13, 1910","Aug. 12, 1989"
Christopher Sholes,Typewriter,christopher-sholes,"['79,265']",2001,"Feb. 14, 1819","Feb. 17, 1890"
Frederick Ellsworth Sickels,Valve for Steam Engines,frederick-ellsworth-sickels,"['424,581']",2007,"Sept. 20, 1819","March 8, 1895"
Igor I. Sikorsky,Helicopter,igor-i-sikorsky,"['2,318,259', '2,318,260']",1987,"May 25, 1889","Oct. 26, 1972"
John H. Silliker,Microbiological Food Safety and Testing,john-h-silliker,"['2,876,108']",2016,20-Jun-2022,19-Mar-2015
Bernard Silver,First Optically Scanned Bar Code,bernard-silver,"['2,612,994']",2011,"Sept. 21, 1924","Aug. 28, 1963"
Spencer Silver,Post-it® Notes,spencer-silver,"['3,691,140']",2010,"Feb. 6, 1941",8-May-2021
Edward Sisler,"1-MCP for Fruit, Vegetable and Flower Freshness",edward-sisler,"['5,518,988']",2022,"Jan. 25, 1930","Feb. 12, 2016"
Samuel Slater,Spinning Machine,samuel-slater,missing,2007,"June 9, 1768","April 21, 1835"
Games Slayter,Fiberglass,games-slayter,"['2,133,236']",2006,"Dec. 9, 1896","Oct. 15, 1964"
H. Gene Slottow,Plasma Display,h-gene-slottow,"['3,559,190']",2013,1-May-2021,11-Mar-1989
Floyd Smith,Modern Parachute,floyd-smith,"['1,340,423', '1,462,456']",2022,"Oct. 17, 1884",18-Apr-1956
George E. Smith,Charge-Coupled Device,george-e-smith,"['3,858,232']",2006,10-May-1930,
Polly Smith,Sports Bra,polly-smith,"['4,174,717']",2022,"Nov. 10, 1949",
Samuel Smith,Scotchgard™ Textile Protector,samuel-smith,"['3,574,791']",2001,"Sept. 13, 1927","Jan. 6, 2005"
Lanny Smoot,Theatrical Technologies and Special Effects,lanny-smoot,"['7,273,280']",2024,"Dec. 13, 1955",
James Murray Spangler,Portable Electric Vacuum Cleaner,james-murray-spangler,"['889,823']",2006,"Nov. 20, 1848","Jan. 22, 1915"
William J. Sparks,Butyl Rubber,william-j-sparks,"['2,356,128']",2016,"Feb. 26, 1905","Oct. 23, 1976"
Percy L. Spencer,High-Efficiency Magnetron,percy-l-spencer,"['2,408,235']",1999,"July 19, 1894","Sept. 8, 1970"
Elmer Ambrose Sperry,Gyroscopic Compass,elmer-ambrose-sperry,"['1,242,065']",1991,"Oct. 12, 1860",16-Jun-1930
Frank J. Sprague,Electric Street Car,frank-j-sprague,"['321,149']",2006,"July 25, 1857","Oct. 25, 1934"
James Sprague,Thiazide Diuretics (Chlorothiazide),james-sprague,"['3,097,204']",2019,"Jan. 30, 2000",
Rangaswamy Srinivasan,Excimer Laser Surgery,rangaswamy-srinivasan,"['4,784,135']",2002,"Feb. 28, 1929",
"William Stanley, Jr.",Induction Coil,william-stanley,"['349,611']",1995,"Nov. 28, 1858",14-May-2016
Gary K. Starkweather,Laser Printer,gary-k-starkweather,"['3,970,359']",2012,"Jan. 9, 1938","Dec. 26, 2019"
Charles Proteus Steinmetz,Alternating Current,charles-proteus-steinmetz,"['533,244']",1977,"April 9, 1865","Oct. 26, 1923"
Leo H. Sternbach,Benzodiazepines,leo-h-sternbach,"['3,371,085']",2005,7-May-2008,"Sept. 28, 2005"
John Stevens,Steam-Powered Transportation,john-stevens,missing,2006,"Jan. 1, 1749","March 6, 1838"
Louis Stevens,Data Storage Machine,louis-stevens,"['3,134,097']",2008,15-Apr-2025,"Oct. 17, 2009"
George R. Stibitz,Digital Computer,george-r-stibitz,"['2,668,661']",1983,30-Apr-2004,"Jan. 31, 1995"
Alice Stoll,Fire-Resistant Fibers and Fabrics,alice-stoll,"['3,148,531']",2024,"Aug. 25, 1917",5-Mar-2014
S. Donald Stookey,Glass Ceramics,s-donald-stookey,"['2,920,971']",2010,23-May-2015,"Nov. 4, 2014"
Harriet W. R. Strong,Water Storage and Flood Control,harriet-w-r-strong,"['374,378']",2016,"July 23, 1844","Sept. 6, 1926"
Herbert M. Strong,Diamond Synthesis,herbert-m-strong,"['2,947,610']",2010,"Sept. 30, 1908","Jan. 30, 2002"
Almon Brown Strowger,Automatic Telephone-Dialing System,almon-brown-strowger,"['447,918']",2006,"Oct. 19, 1839",26-May-2002
Eugene Sullivan,PYREX® Brand Cookware,eugene-sullivan,"['1,304,622']",2011,"Jan. 23, 1872",12-May-1962
Gideon Sundback,Modern Zipper,gideon-sundback,"['1,219,881']",2006,"April 24, 1880",21-Jun-1954
Ivan E. Sutherland,Display Windowing by Clipping,ivan-e-sutherland,"['3,639,736']",2016,16-May-1938,
Ambrose Swasey,Telescope,ambrose-swasey,"['959,179']",2006,"Dec. 19, 1846",15-Jun-1937
Leo Szilard,Nuclear Fission,leo-szilard,"['2,708,656']",1996,"Feb. 11, 1898",30-May-1964
Donalee L. Tabern,Pentothal / Anesthesia,donalee-l-tabern,"['2,153,729']",1986,"Jan. 25, 1900","Dec. 31, 1974"
Charles Sumner Tainter,Sound-Recording Instruments,charles-sumner-tainter,"['341,288']",2006,"April 25, 1854",20-Apr-1940
Jokichi Takamine,Adrenaline (Adrenalin®),jokichi-takamine,"['730,176']",2024,"Nov. 3, 1854",22-Jul-2022
Esther Sans Takeuchi,Lithium/Silver Vanadium Oxide (Li/SVO) Battery Technology in Implantable Cardioverter Defibrillators (ICDs),esther-sans-takeuchi,"['5,389,472', '6,221,534']",2011,"Sept. 8, 1953",
Pushkar Tandon,Bend-Insensitive Optical Fiber,pushkar-tandon,"['7,450,806', '7,903,917', '8,385,701']",2022,"Dec. 23, 1967",
Ching Wan Tang,Organic Light-Emitting Diode (OLED),ching-wan-tang,"['4,356,429']",2018,23-Jul-1947,
Welton I. Taylor,Microbiological Food Safety and Testing,welton-i-taylor,"['4,010,078']",2016,"Nov. 12, 1919","Nov. 1, 2012"
Gordon Teal,Silicon Transistor,gordon-teal,"['2,703,296']",2009,"Jan. 10, 1907","Jan. 7, 2003"
Ralph Teetor,Cruise Control,ralph-teetor,"['2,519,859']",2024,"Aug. 17, 1890","Feb. 15, 1982"
Maria Telkes,Solar Thermal Storage Systems,maria-telkes,"['3,986,969']",2012,"Dec. 12, 1900","Dec. 2, 1995"
Paul Terasaki,Tissue Typing for Organ Transplants; Terasaki Tray,paul-terasaki,"['4,599,315']",2018,"Sept. 10, 1929","Jan. 25, 2016"
Eli Terry,Clock,eli-terry,missing,2007,"April 13, 1772","Feb. 24, 1852"
Nikola Tesla,Electro-Magnetic Motor,nikola-tesla,"['381,968']",1975,"July 10, 1856","Jan. 7, 1943"
John H. Thomas,Fiberglass,john-h-thomas,"['2,121,802', '2,133,236']",2006,"Sept. 19, 1907","Sept. 17, 1991"
Robert M. Thomas,Butyl Rubber,robert-m-thomas,"['2,356,128']",2016,21-Jun-2008,23-Jul-1984
David A. Thompson,Magnetic Thin-Film Storage Head,david-thompson,"['4,295,173']",2012,"Dec. 17, 1940",
Ken Thompson,UNIX Operating System,ken-thompson,"['3,568,156']",2019,"Feb. 4, 1943",
Elihu Thomson,Electric Arc Lamp,elihu-thomson,"['258,684']",2006,"March 29, 1853",13-Mar-1937
Louis Comfort Tiffany,"Glass Tile, Mosaic",louis-comfort-tiffany,"['237,416']",2007,"Feb. 18, 1848","Jan. 17, 1933"
Henry Timken,Tapered Roller Bearings,henry-timken,"['606,635', '606,636']",1998,"Aug. 16, 1831",16-Mar-2009
Max Tishler,Synthesis of Vitamin B2 and Sulfaquinoxaline (Antibiotic),max-tishler,"['2,261,608', '2,404,199']",1982,"Oct. 30, 1906",18-Mar-1989
Charles Hard Townes,Maser,charles-hard-townes,"['2,879,439', '2,929,922']",1976,28-Jul-2015,"Jan. 27, 2015"
James Truchard,Virtual Instrumentation - LabVIEW™,james-truchard,"['4,901,221']",2019,25-Jun-1943,
Roger Tsien,Green Fluorescent Protein (GFP) Variants,roger-tsien,"['5,625,048']",2023,"Feb. 1, 1952","Aug. 24, 2016"
Charles W. Tyson,Fluid Catalytic Cracking,charles-w-tyson,"['2,451,804']",1999,"Jan. 1, 1900","Jan. 1, 1977"
William E. Upjohn,Dissolvable Pills,william-e-upjohn,"['312,041']",2006,"June 5, 1853","Oct. 18, 1932"
Theophilus Van Kannel,Revolving Door,theophilus-van-kannel,"['641,563']",2007,"Jan. 1, 1841","Dec. 24, 1919"
Steven Van Slyke,Organic Light-Emitting Diode (OLED),steven-van-slyke,"['4,539,507']",2018,19-Jul-1956,
Andrew J. Viterbi,CDMA Technology,andrew-j-viterbi,"['5,103,459']",2013,9-Mar-1935,
Ernest H. Volwiler,Pentothal / Anesthesia,ernest-h-volwiler,"['2,153,729']",1986,"Aug. 22, 1893","Oct. 3, 1992"
Luis von Ahn,reCAPTCHA,luis-von-ahn,"['8,555,353']",2023,"Aug. 19, 1978",
Theodore von Karman,Aerodynamic Structure for Planes and Wings,theodore-von-karman,"['1,962,794']",2003,"May 11, 1881",6-May-1963
Hans J.P. von Ohain,Turbojet Engine,hans-jp-von-ohain,"['2,911,189']",2003,"Dec. 14, 1911",13-Mar-1998
Carl Auer von Welsbach,Incandescent Device,carl-auer-von-welsbach,"['399,174']",2011,"Sept. 1, 1858","Aug. 4, 1929"
Ferdinand von Zeppelin,Rigid Airship,ferdinand-von-zeppelin,"['621,195']",2006,"July 8, 1838",8-Mar-2017
Selman Waksman,Streptomycin,selman-waksman,"['2,443,485']",2005,"July 22, 1888","Aug. 16, 1973"
David Walt,Microwell Arrays,david-walt,"['6,023,540']",2019,"Feb. 11, 1953",
An Wang,Magnetic Core Memory,wang,"['2,708,722']",1988,"Feb. 7, 1920",24-Mar-1990
Frank Wanlass,Complementary Metal Oxide Semiconductor (CMOS),frank-wanlass,"['3,356,858']",2009,17-May-1933,"Sept. 9, 2010"
William J. Warner,Digital Nonlinear Editing System,william-warner,"['4,970,663']",2019,19-Mar-1955,
Lewis Edson Waterman,Fountain Pen,lewis-edson-waterman,"['293,545']",2006,"Nov. 20, 1837",1-May-2001
Thomas A. Watson,Improvements to the Telephone,thomas-watson,"['199,007']",2011,"Jan. 18, 1854","Dec. 13, 1934"
Drew Weissman,Modified mRNA Technology Used in COVID-19 Vaccines,drew-weissman,"['8,278,036']",2023,"Sept. 7, 1959",
"Robert Wentorf, Jr.",Diamond Synthesis,robert-wentorf,"['2,947,610']",2010,28-May-2026,3-Apr-1997
James E. West,Electret Microphone,james-e-west,"['3,118,022']",1999,"Feb. 10, 1931",
"George Westinghouse, Jr.",Air Brake System,george-westinghouse,['RE5504'],1989,"Oct. 6, 1846",12-Mar-2014
Edward Weston,Portable Voltmeter,edward-weston,"['392,287']",2006,"May 9, 1850","Aug. 20, 1936"
Squire Whipple,Iron Truss Bridge,squire-whipple,"['2,064']",2007,"Sept. 16, 1804","March 15, 1888"
Richard Whitcomb,Supercritical Wing,richard-whitcomb,"['3,952,971']",2003,"Feb. 21, 1921","Oct. 13, 2009"
Rollin Henry White,Steam Generator; Controlled Differential,rollin-henry-white,"['659,837', '1,253,319']",2011,"July 11, 1872","Sept. 10, 1962"
Willis Whitfield,Clean Room,willis-whitfield,"['3,158,457']",2014,"Dec. 6, 1919","Nov. 12, 2012"
Eli Whitney,Cotton Gin,eli-whitney,missing,1974,"Dec. 8, 1765","Jan. 8, 1825"
Frank Whittle,Jet Engine,frank-whittle,"['2,404,334']",2003,1-Jun-2007,"Aug. 8, 1996"
Otto Wichterle,Soft Contact Lens,otto-wichterle,"['3,220,960']",2007,"Oct. 27, 1913","Aug. 18, 1998"
Robert Widlar,Linear Integrated Circuits,robert-widlar,"['3,364,434']",2009,"Nov. 30, 1937","Feb. 27, 1991"
"Stephen Wilcox, Jr.",Improvement in Steam Generators,stephen-wilcox,"['65,042']",1997,"Feb. 12, 1830","Nov. 27, 1893"
Robert R. Williams,Vitamin Synthesis,robert-r-williams,"['2,049,988']",1991,"Feb. 16, 1886","Oct. 2, 1965"
Sam B. Williams,Small Fan-Jet Engine,sam-b-williams,"['3,357,176']",2003,7-May-2021,22-Jun-2009
Robert H. Willson,Plasma Display,robert-h-willson,"['3,559,190']",2013,"Nov. 14, 1936",
Field Winslow,Polymer Cable Sheath,field-winslow,"['2,967,845']",2010,10-Jun-2016,"Dec. 16, 2009"
Alexander Winton,"Automobile, Bicycle, and Diesel Applications",alexander-winton,"['582,108']",2006,"June 20, 1860",21-Jun-1932
N. Joseph Woodland,First Optically Scanned Bar Code,n-joseph-woodland,"['2,612,994']",2011,"Sept. 6, 1921","Dec. 9, 2012"
Granville Woods,Railway Telegraphy,granville-woods,"['373,383']",2006,"April 23, 1856","Jan. 30, 1910"
Steve Wozniak,Personal Computer,steve-wozniak,"['4,136,359']",2000,"Aug. 11, 1950",
Orville Wright,Airplane,orville-wright,"['821,393']",1975,"Aug. 19, 1871","Jan. 30, 1948"
Wilbur Wright,Airplane,wilbur-wright,"['821,393']",1975,"April 16, 1867",30-May-2012
Margaret Wu,Synthetic Lubricants,margaret-wu,"['4,827,064', '4,827,073']",2022,28-Jun-1950,
Peter Wurman,Mobile Robotic Material Handling for Order Fulfillment,peter-wurman,"['8,649,899']",2022,24-Jul-1965,
James J. Wynne,Excimer Laser Surgery,james-j-wynne,"['4,784,135']",2002,19-Mar-1943,
"Linus Yale, Jr.",Door Lock,linus-yale,"['31,278']",2006,"April 4, 1821","Dec. 25, 1868"
Ioannis V. Yannas,Regenerated Skin,ioannis-v-yannas,"['4,418,691']",2015,14-Apr-1935,
Alejandro Zaffaroni,Bandage for Administering Drugs,alejandro-zaffaroni,"['3,598,122']",2012,"Feb. 27, 1923",1-Mar-2014
Frank J. Zamboni,Ice Rink Resurfacing Machine,frank-j-zamboni,"['2,642,679']",2007,"Jan. 16, 1901",27-Jul-1988
Xiaowei Zhuang,Stochastic Optical Reconstruction Microscopy (STORM),xiaowei-zhuang,"['7,776,613']",2024,"Jan. 21, 1972",
Vladimir Zworykin,Cathode-Ray Tube,vladimir-zworykin,"['2,139,296']",1977,"July 30, 1889",29-Jul-1982
Frank Zybach,Center-Pivot Irrigation,frank-zybach,"['2,604,359']",2022,"July 10, 1894","Aug. 19, 1980"